fortuneNum,rate,describe
1,大吉,この画数の持ち主は、開拓精神に富み、前に突き進むパワーと忍耐力に優れ、運勢的にはどの道においてもトップに昇りつめる運を持ちます。さらに大きな困難や困窮に遭遇しても、それをバネにさらなる進化を遂げていきます。知性や感受性にも恵まれ、他人からも信頼されるなど心技体すべてを兼ね備えており、自分の可能性を信じれば信じるほど運勢が向上します。女性が持つと男勝りに仕事をこなし尊敬を集めます。一方、頑固で傲慢、気位が高すぎる傾向があり、ワンマンな行動が反発を受け孤立しがちです。調和を大切にし、周囲の意見にも十二分に注意すれば、他人の協力も得られ盤石になります。
2,大凶,分裂・分裂運。不安定、分離、対立をあらわします。この画数の持ち主は、神経が繊細で独立心に欠け、優柔不断、決断力の無さからも対人関係に苦労し孤立する傾向にあります。運勢も波乱が多く、富を得て結婚しても離婚をする可能性が高く、また成功しても一時的なものになりがちです。両親、家族との縁も薄く、意志薄弱のためリーダーには向かない数字です。脇役に徹したり、神経の繊細さを活かし宗教的・芸術的なことに個性を活かすことで吉になります。また、精神的な葛藤を経験しますので内的な修養といった観点からは良い数字となります。
3,大吉,知才運。この画数の持ち主は、周囲との調和、努力を怠らなければ男女とも地位にもお金にも、また異性にも恵まれます。また芸術的な華やかさ、緻密さ、美しさ、探求心、学術にも秀でた能力を持ち合わせていますので芸術性、知力を活かし芸術家、研究者、技術者としても大成する可能性があります。一方短気でわがままな性格から足元をすくわれることもありますので常に行き過ぎには注意が必要です。
4,大凶,不安定運。崩壊、分裂、不安定、孤独。この画数の持ち主は、才能があっても結果に結びつきにくいです。プライドが高いので挫折した時のショックは大きく、ストレスから病気になることもあります。分裂、不安定な運から家庭運も弱く散財癖もあります。奉仕の精神に富んでいますが認められることなく当然視され徒労に終わります。プライドの高さを抑え、陰で支える役に徹し地道に努力を続けることで才能が開花する可能性が出てきます。
5,大吉,充実運。この画数の持ち主は、明朗活発、性格に裏表がなく、真面目で一生懸命かつ人情味のある性格のため信頼され周囲に人が寄ってきます。才能にも恵まれ持ち生まれたリーダー運もあってみんなの中心になっていきます。大器晩成的な部分もありますので幼少時、若年期に苦労するかもしれませんが、中年、晩年には頭角をあらわします。健康運、財運も高く周りの人への気配りを忘れなければ成功も続きます。
6,大吉,天恵運。この画数の持ち主は、祖先からの運を享受します。リーダーになるために生まれてきたような運を持ち、最小限の努力で人の上に立ちます。家柄、人柄の良さから引き立ても受け、他人を引き立てることにより、さらに他人から引き立てを受けるいいサイクルが巡ります。一時的に不運が続くことがあっても、持ち生まれた運の良さで巻き返します。先祖、両親への感謝を忘れないことで成功が長続きします。
7,吉,独立運。この画数の持ち主は、人情家ですが頑固で融通性に欠ける面があります。物事を処理する能力は高いですが、計算高い行動をとらないため時には損することもあり、身近な人から誤解されることもあります。心の向上による他人への配慮、優しさ、包容力を備えればより大きく大成功します。女性は独立心が強すぎることから縁が遠い傾向になりがちです。芸能、芸術系の仕事に適しています。
8,吉,努力運。時間はかかってもコツコツ努力したことが報われる運を持ちます。この画数の持ち主は失敗を恐れず、失敗してもくじけないパワフルさがあります。また、知的に物事を処理しますので周囲から頼りにされます。意志力が強いのは良いのですが、意地っ張りと取られないことが大切で、また表情には出しませんが好き嫌いがあり、努力家にありがちな頑固さもありますので、嫌いな人を敬遠しすぎる傾向があります。努力家、知力、責任感から仕事は人と接する仕事が向いています。
9,特大凶,不遇運。人生のあらゆる局面において不運が付きまとい、どれだけ努力しても報われず、不幸が付きまとう大凶数です。繊細な注意を払ってもトラブルが起こり、取り返しのつかないことが起こったり、死別、離婚、短命なども暗示します。ただし、社会的な事柄、家庭的な事柄への幸せが無い分、芸術、スポーツ、学術などの才能に恵まれ、スペシャリストの分野で大成功することもあります。芸能家、未開の地を開拓する分野の人など一般的な幸せを放棄する覚悟のある人、孤独を愛する人には良い画数です。
10,特大凶,波乱運です。離合集散、栄枯盛衰を繰り返すように波乱万丈の人生になります。良い時もあるのですが一時的なものに終わり、結局は「無」あるいは「離」に帰結します。一生においては病気、失意、破産、別離を繰り返し、どんなに頑張っても障害が襲いかかってくるため前進できません。たまたま前進できたとしても元に戻されることになりますし、最悪最初より後退します。特定分野で大成功する人もありますが、病弱であったり、家庭内不和など成功に比例して衰運の側面が現れます。
11,大吉,発展運。苦労が多く、下積み期間も長くなりがちですが不屈の精神力を持ち、独立心旺盛で運命を自分で切り開く努力を怠たらず、謙虚さも持ち合わせますので努力は開花します。しかし、発展、成功しても外見は穏やかで質素です。また、再興させる運でもあり、斜陽産業を復興させたり、倒産しかけの会社の社長に就任し、会社を復活させたりできます。傾き衰退した家系の長男として生まれ、家を持ち直す人も多いようです。健康にも恵まれますので、対人関係を崩すような不誠実さが無ければ、健康と努力と運が上手くかみ合い成功の可能性が相当高いです。
12,大凶,挫折運。とにかく繊細で、気が小さいです。男性でも女性のように弱々しいです。良い面は小さなことまで気が回ることですが、気にしすぎて精神的に落ち着く暇がないので度が過ぎると精神的に病気になります。また自分をオープンにしないので誤解され、さらに精神的に追い込まれるサイクルに陥ります。手先の器用さ、芸術的なセンス、精神世界への理解がありますので芸術家、宗教家等に向きますが、粘り強さに欠けますので長続きせず、定職とは無縁です。健康面ではアレルギー体質で肌が弱く、肝臓、腎臓も弱い傾向があります。
13,大吉,援助運。とにかく人から好かれる人気運があります。また目上、同僚、目下全ての人から援助や引き立てを受けるので出世、財運にも恵まれます。頭脳も明晰、積極的で瞬時の判断にも優れていて、チャンスに強いです。また逆境にも、結果的にピンチをプラスへと転じさせます。必然的に信頼も高くなり、名声も上がります。理論立てた思考能力に優れエンジニア系の仕事が向く傾向にあります。人気運があり、能力も高いので努力しなくても人はついてきますが、能力の高さ、人気運の良さにあぐらをかかず周囲の人を大切にすることで更に発展します。
14,凶,苦難運。努力しても成果が出にくく、出たとしても一時的であったり、別の面で失敗したり心労することが起きます。他人からの援助、引き立ての縁も経済的にも恵まれていません。ただし、貧困に強く経済的に恵まれなくても何とか耐え忍べます。実行力に乏しく、行動が伴わないので他人からの信用はありません。不幸が続くので精神的にまいりがちで、幸運が訪れるチャンスはほとんど期待できませんが、考えだけは明るく前向きにすることで精神的な落ち込みは克服できます。
15,特大吉,福徳運。大吉運。性格的にも温厚で人当たりが良く人情味もあるので人から好かれ、引き立て、援助に恵まれます。行動力もあり、現実を直視し堅実さを心がければ長所が活かされ成功をほほ手中にできます。思いやりの心もあり、自分の幸せはある程度保障されていますので、努力を怠らず自分の幸せをある程度充足したら他人への奉仕を実行することで後世にも残る相当の偉業を成し遂げる可能性もあります。
16,大吉,ボス運。リーダーシップ、指導力、闘争心があり、数値、経済に強いことはもちろん、芸術面、宗教面に対する理解もあります。人柄も良さ、誠実さから目上からの引き立て、目下からの尊敬を得られます。様々な側面から物事を見る能力があることから、多方面での才能を伸ばすことによりより大きく運が開けるとともに社会への貢献度も数段に高まります。人生全般にわたり大きな失敗はないでしょう。女性は仕事も家庭も両立できる良妻賢母となります。
17,吉,独立運。失敗も多いですが、粘り強いので結果的には失敗をバネに成功します。人の上に立つことにより実力、運を発揮します。組織の一員として働くより、自ら旗揚げする方向けの数字です。ただし、他人の意見に耳を傾けない傾向にありますので、思考の幅が狭く、独善に陥りがちです。人気があり真面目で浪費癖もないので自分とは異なる視点からの考えにも耳を傾け、努力を惜しまなければ成功の可能性は大きいです。職業的には趣味、特技を生かしたもの、技術系、金融系が向いています。
18,吉,努力運。目標をしっかり定め、綿密な計画を作成し、強い意志力で真面目に努力を続け成功します。ただ、どこまでも自らの信念を貫く頑固さ、思い込みが強く、冷静沈着、客観的に物事を見れない欠点があります。努力を厭わず、真面目で誠実、実行力もあり才能にも恵まれていますので柔軟性を持って大きな組織で長所をいかせば飛躍の可能性が高まります。
19,特大凶,不遇運。知力に優れ、人に持ち合わせない特殊な才能を持ち合わすため、特定分野において相当の成功をする場合がありますが、それ以上の不運に遭遇する波乱万丈の運です。また外見はクールなイメージですが、内面は激情型ですので、人づきあいが上手くなく、人の上に立つリーダー的な立場には合いません。しかし、天才肌のところを活かし医療の研究や精密機器の開発、芸術面に特化すれば生まれ持った才能を大いに輝かすことができる可能性があります。人とかかわりを持つと欠点が出ますので、小さなグループ、組織の中で思う存分興味のあることに没頭することが成功に近づきます。
20,特大凶,崩壊運。努力家で何事にも真剣に取り組みますが、トラブル続きで努力が報われることはありません。努力していいところまで行ったとしても最後は駄目になり、また不運が山積みされていき、一難去ってまた一難と不運の連続です。死別、離婚、病気、破産、短命と幸せなこととは縁遠いです。ただし勝負運は強い傾向にありますので、あらゆる困難を経験し、体験が実力となりギャンブルの世界やスポーツの世界で一時的にですが成功する可能性はあります。
21,大吉,助才運。責任感が強く、何事にも努力を惜しみません。また面倒見のいいのもこの画数の特徴で、相談ごとを持ちかけられても親切に対応します。そのため信用も厚く人から頼りにされます。性格は控えめで、もともと参謀として才能を発揮するタイプですので、責任感、努力、信頼など持ち生まれた才能を発揮して他の人の成功を手助けします。これらの功績が認められ、組織のトップに立つこともあります。独立心も強いのでトップに立っても責任を果たしていきますが、自信過剰になり周囲との対立には注意が必要です。元来は参謀運ということを忘れなければ成功も続きます。女性が21画を持つと社会的には成功しますが、離婚、未亡人となる可能性が高いので要注意です。しかし、女性でも一生独身を貫く考えの方には良い画数です。
22,凶,衰弱挫折運。分離、分裂、病弱の傾向が強いです。性格はまじめで派手なところは無く、素直なため比較人には好かれますが、意志薄弱で気も小さく、少しの失敗だけでも挫折します。何事も続かず結局は目上からの引き立ても台無しにします。考えも子供っぽく、気分屋の性格もあって困難に立ち向かうことはほとんど無く、逃げ出す傾向があります。異性に関しても人当たりの良さからモテる傾向はありますが飽きっぽいため長続きせず、結婚、離婚を繰り返す可能性が大きいです。自分自身をしっかり持ち、粘り強さを持つことが幸せになる鍵です。
23,大吉,隆盛運。最高の隆盛運に恵まれた画数で一代でも相当の地位、名誉、財を築きあげる可能性があります。活気、バイタリティに溢れ先見性もありすべてが順調に進みます。忍耐力もあり、チャンスに強く、逆境も災い転じて吉となるごとく簡単に乗り越える運を持ち合わせます。性格も魅力的で世話好き、献身精神に富み多くの人が寄ってきます。何事も上手くいきますが短気な側面がありますので注意が必要です。 また、23画は後家運なので、専業主婦や家庭のウエイトが高い女性の場合は大凶になります。一生独身で経営者やキャリアウーマンの場合は大吉です。しかし家庭はあきらめたほうがいいです。
24,特大吉,六大吉数の一つ。青年期は多少苦労することもありますが、中年期以降の運勢、特に晩年期に良く、財運はもちろん健康、長寿、家庭的にも大変恵まれます。青年期の苦労、障害をバネにして成功への基礎を築き上げていきます。青年期の苦労が人としての魅力を磨き上げ、周囲の信頼を得て成功につながります。協調性にも優れますので自分がトップに立つだけでなく、参謀として他人の成功を手助けすることもできます。晩年期の財運は特に盛大で、多くの家族にも恵まれ、養うこともできます。女性でも問題なく、家庭、仕事と二足のわらじを履くことも可能です。
25,大吉,生まれつきの才能、強い個性、知略、勇猛、頭脳明晰さを持ち合わせ、組織のリーダーとして活躍できる運。外見は控えめで柔らかい印象を与えますが、非常に芯が強く、好き嫌いがはっきりしていて、物事に動じないため頑固者と思われがちです。集団行動よりも単独行動を好み、純粋な心、潔癖な性格が強すぎることから言葉にトゲが出たり、柔軟性を欠き人間関係での衝突が大きな衝突の原因となりがちです。長所が短所を生み出してしまうことがあります。もともとは大きな成功を勝ち取る運がありますので、他人との軋轢に注意しさえすれば持ち前の長所を存分に活かしきれます。女性は結婚後も仕事を持ち続けることが幸運のカギになります。
26,凶,波乱万丈運。才能や実力に目を見張るものを持っていて、一時的に成功するも浮き沈みが激しく結局はダメになってしまう運です。性格的には上から目線で言われると猛烈に反抗心を感じるプライドと頑固さを備えますが、お人好しで、人から頼まれると嫌といえず、渦中に飛び込んでいきます。この部分では一種の英雄気質があると言えますが、運勢的に弱く、安定しないため叶うことはなかなか期待できません。天賦の才に恵まれている場合は、持ち前の忍耐強さ、粘り強さ、チャンスをつかみやすい運を持っていることから大成功を収める人もいます。
27,凶,研ぎ澄まされた感性、才能に恵まれるため自信を持っています。先見性にも富んでいて、実行力、リーダー運もあり中年期の前半位までは成功する運をも持っています。しかし、自己顕示欲が強く協調性に欠け、孤立しがちです。また、中途挫折、争いに巻き込まれる運でもありますので、努力によってせっかくつかんだ成功も人の恨みを買った上でのものが多いため続きません。高い能力を活かし、成功を持続し本物にするためには、協調、不要な軋轢を無くすことが重要になります。
28,大凶,人間的な面や性格にこれといった欠点はありませんが、なぜか人間関係や突発的な不運が続きます。自分自身だけでなく、家族、側近などの事故、病気が順調な時に起こり、上手く行きかけても引きずり降ろされるなど変動の激しい傾向があります。人間関係の面においても、こちらに非が無くても何故か誤解されたり、自分の長所を認めてもらえない傾向にあります。女性の場合は特に離婚する可能性が高くなります。健康面にも不安要素が大きく、命に係わる急激な体調不良に見舞われる可能性もあります。
29,大吉,男性は大吉だが、女性は凶と判断する姓名判断の流派が多いことが特徴の画数。女性の場合は、自分の性格の欠点が目立ったり、人間関係、特に配偶者との縁が薄くなりがちです。男性でも負けず嫌いの性格が強く、野心が旺盛で他人から足元をすくわれる人も多く、精神的に休まる時間が無い傾向にあります。出世欲が強く、常に損得で人との付き合いを判断される方は、利害関係無く、心から安らげる友人をたくさん作るようにすると良いです。社会への還元に意識を向け、自我による出世欲を抑えた方が、結果的に大きな成功へとつながり、幸せ度も増すでしょう。
30,凶,知才に富み、感性も豊かなものを持ち合わせながら、浮き沈み、試練、困難を避けて通ることができない運で、不運が必ず一定周期に訪れます。追い風に乗った際にはそれなりの成功をおさめますが、調子に乗って地固めを怠ると、衰運気に築いたものをすべて失います。また、ギャンブル、一獲千金を常に狙う傾向がありますが、ほとんどの場合、最後は全て失う形で終わります。調子のいい時の基礎固めと堅実な行動が幸せになる鍵です。なお、常に試練に遭遇する運ですので、内面が常に鍛えられるという側面から宗教家や教育者には吉数ともいえます。
31,特大吉,地位名誉を得て大繁栄していく大吉数。また、運に引けを取らない人格的な面での優れたところも多く、目上からは一目置かれ、目下からも慕われます。ギャンブル的な行動に出ることも無く、堅実な努力の上に結果を積み重ねていきます。いつの間にかリーダー的存在になっていて、さらに大きな責任ある事を任されます。特に中年期以降に大きな運が巡って来るので、若いころから着実な努力を積み重ね実力をつけておくことが大成功につながります。また、男女ともルックスのいい人が多く、結婚運もよく素晴らしい縁に恵まれ幸せな家庭を築くことも特徴です。
32,大吉,自分の努力で運を切り開いていくといったイメージではなく、困難に遭遇してもそこそこの努力さえしておけば不思議と周囲からの援助を受け、上手く乗り越えて、さらに成功していきます。周囲からの援助は、人から好かれる性格にも起因しますが、運的にもチャンスに恵まれます。注意が必要なことは、棚ぼた運を当たり前と勘違いし、努力を怠り、傲慢になって周囲の協力を得られなくなることです。チャンスがチャンスを生む、強烈な運勢の強さがあるので、強烈な運に引けを取らない努力をし、謙虚さを忘れず、実力をつければ運勢は盤石なものになります。
33,大吉,飛ぶ鳥を落とす勢いで出世する強運数。才能にも恵まれ、願ったものはほとんどのことが叶っていくでしょう。人間的にも魅力がありますので多くの人が寄ってきます。そのため困難な道も切り開けることができ、競争が激しい世界でも必ず生き残れます。複数分野での成功を収めることが出来ますが、手を広げすぎ調子に乗りすぎると、敵を作り人間関係に軋轢が生じ衰退が始まりますので注意が必要です。とにかく強運ですので、傲慢になる事にはくれぐれも注意が必要です。女性がこの画数を持つと家庭運、結婚運が弱くなります。
34,大凶,途中までは順調でも最後は必ず駄目になる運命です。若いころは志したことが実現していきますが、中年期位から雲行き怪しくなり、病気・事故など不幸が連続し、努力も実ることは早々ないでしょう。才能に恵まれる場合も多いのですが、運という才能が絶対的に必要であることを思い知らされるほど、不幸に見舞われる可能性があります。
35,吉,物静かで優雅、文学・文芸に優れた運を持ちます。ただし、現実的なお金のやりくり、人との駆け引き、競争などは苦手で趣味の世界に没入する傾向があります。性格は温厚で人当たりも良く、敵を作らない性格ですが、優しすぎて主体性に乏しく、頼りがいが無いといった欠点があります。大きな舞台で派手に活躍したり、組織やコミュニティーで人を統率していくことは無く、また大きな責任を任されると重圧に負けてしまいます。女性の場合は、経営者やリーダーになる人でない限り、主体性が強くなさすぎることが吉に働きますので、仕事をメインにしない女性には最適です。
36,大凶,困っている人をみると必ず手を差し伸べるやさしさがあります。時として自己犠牲を払ってまで相手を助けますので、英雄扱いされたりもします。世話好きで、男気があり、人としての魅力は持ちながら、何故か相手からは恩を仇で返されるなど裏目に出てしまいます。保証人になったりすることはご法度で、必ずと言っていいほど保証させられ家族や親しい周囲の人間にも迷惑を掛けます。運的には、不幸が続き失意のどん底に落ち込んでいく傾向です。
37,大吉,この画数の持ち主は努力家で忍耐力が強く、状況判断にも優れています。健康運が高く、金運、仕事運、家庭運も良好です。基本的には人当たりが良く協調性もありますが、実直な傾向があるため好き嫌いが激しいです。また、自分と同じように周囲に忍耐・我慢を求めると人間関係が崩れ、成功が遠のきますので、妥協するポイントを決めておくことが必要です。
38,吉,この画数の持ち主は優しく温厚で人当たり良く、相手に嫌な思いをさせないソフトさを持っています。家庭運が大吉です。男性の場合、優しすぎて女性をイメージさせ、覇気、勇猛心といった活気に欠けてしまいます。大勢の人を引っ張っていくリーダ的存在ではなく、サポート役か、コツコツ努力する技術職に向きます。自分から活路を見出す積極的な行動には出ないのですぐには成功しませんが、地道な努力により周囲の信頼を得て成功します。
39,大吉,外見は平凡でおとなしく見えますが、芯はしっかりしており逆境に負けない精神力を持ちます。運的には晩年運で、中年期までの失敗を糧にして地位、財、名誉を手に入れます。器用さで成功するのではなく、逆境や失敗を乗り越えた経験が人間の厚みを増し、人望を集めた結果によるものです。人生で苦労した分だけ、地位名誉、財産、信用、健康、人間関係、家庭運など全てにおいて普通では経験できないようなスケールの成功を収めます。一番の心配は、成功しても調子に乗って無茶をしすぎると、振り出し（ゼロ）に戻ってしまうことです。謙虚さと感謝を忘れないようすることが肝要です。
40,凶,この画数の持ち主は頭脳明晰で直観力にも優れ積極性もありますが、虚栄心が強い一方で地道な努力を嫌います。また行動に計画性が無く、楽天家気質です。ギャンブル気質もあり、思い付きで一発勝負に出ますが、勝負運はあまりないので殆どの場合は失敗します。地道な努力を怠らなければ持ち前の感性で大成功する可能性もあります。健康運も弱く病弱で、短命の運ですので体には注意が必要です。
41,大吉,成功運はもちろん、知力、才能に恵まれ、根性、粘り、忍耐力、実行力、統率力など運以外でも成功するために必要とされる要素を全て兼ね備えます。人間的にも純粋で、人を自己の利益のためだけに利用することはなく、性格も穏やか人情味にも溢れ、努力家でもあるためリーダー職に非常に向いています。完全主義な部分が前面に出てしまうと、人間関係でつまづくことがあります。女性の場合は、専業主婦でもキャリアウーマンでも力を発揮し、両立も可能です。
42,凶,器用貧乏の気質と運。何事にも興味を持ち、何をやっても、ソツなくこなせ周囲から重宝されますが、薄っぺらく本当の意味での中身が伴わないため続きません。これは、飽きっぽく物事を深く追求しない性格と、主体性が無く周囲に振り回される運からくるものです。欠点を隠し、長所を伸ばすため、専門分野に進む人も多いのが特徴でもあるのですが、専門分野に進むと器用さが無くなり、状況変化があるとついていけないモロさが出てきます。運的にも散漫する傾向があり、きっちりと焦点を定め、努力を続けないと気が付いた時には何も残っていないことになりかねません。器用さを武器にできれば才能が大きく認められる可能性はあります。また、周囲の悪い環境を引き込む運で、何故か孤独になり、寂しさから健康を壊す恐れもあります。
43,凶,この画数の持ち主は、感受性豊かで芸術的な才能に恵まれますが、理性が乏しく意志薄弱で何事も続かない傾向があります。人当たりが良く、優しいので人は寄ってくるのですが、信念や自信に欠け、言動が一致しないので信用を失い、最後には周囲から人がいなくなります。人生全体にわたり金銭、異性関係のトラブルに巻き込まれる傾向がありますので注意が必要です。芸術的な感性など後天的な努力では持ちえない才能に恵まれていることから、長所を伸ばすことよりも短所を徹底的になくすことに注力すると長所が必然的に伸びて運が開けていきます。
44,大凶,避けたい画数です。この画数を持つととにかく不幸の連続で、常人の努力では認められることはありません。超人的な努力をし、この世的な幸せをすべて捨てれるだけの器量を備え、あらゆる不運を乗り越えれた場合は、その分世の中に大きな功を残すこともあります。病気、事故、怪我、思わぬ障害、裏切り、金欠、人間関係の不和などが頻繁に起こります、自分がたぐいまれな人物であると認められるとき以外は、自分の幸せのためはもちろん、家族や親せき、友人等に迷惑をかけないためにも避けた方が良いでしょう。
45,大吉,苦難を乗り越えた末に順風な人生が待っている運です。苦労を肥やしに自分の実力や運を上昇させていく不思議な力を持っていますので、若いころの苦労の多さに比例して、晩年の運が開けていきます。試練を経験することにより、上っ面だけの中身の薄い人間ではなく、芯がしっかりし、粘り強く中身が充実しており人間的にも魅力があります。複数の分野で成功できる運を持ち合わせますので、若いころは多くの経験を積んで視野を広めることをお勧めします。物事を深く追求する資質がありますので、一つの分野に特化すればその分野で名の通る人物にもなれます。なお、一生に一度、命にかかわるような大きな危機に遭遇する可能性がありますので、事故や大病、お金には十二分に注意が必要です。
46,凶,全体…非常に浮き沈みの激しい人生を歩む傾向があります。才能、努力が認められ調子よくいっているかと思うと、思いもよらぬトラブルに見舞われどん底に落ちていくような感じです。生涯で上手くいく時期といかない時期が明確で、順調でも長く続かないと考え行動することで、身を滅ぼすことを防げそうです。特に晩年以降は極端に運が落ちていく傾向ですので、中年期後半までに晩年に備え蓄財しておいた方がよさそうです。総格に46画がある場合は特に晩年に注意が必要で、外格、人格にある場合も最後は衰退してしまう傾向がありますので、バランスを考えて改名したほうが無難です。欲深い性格が見え隠れしますので甘い話に乗る事には厳に慎みが必要です。
47,特大吉,運はいいのですが、ラッキーな運ではなく、努力や苦労を重ね、実力を兼ね備えた開運による幸せです。そのため、一過性の幸運ではなく、本当の意味で長期にわたり繁栄し続けます。衣食住はもちろん、人間関係、健康、地位・名誉にも恵まれます。志が大きければ大きいほど運も伴って大きく開いていきますので、小さなことでなく、大きな事を目標に持った方がいいです。その過程で困難に遭遇しても、必ずと言っていいほど協力者が現れ助けてくれます。青年期までは願いが叶いにくい部分もありますが、人生全体的には、きらびやかな花が咲き乱れた華やかな人生といったところでしょう。ただし、金銭面においてわきの甘い部分がありますので、しっかりした金庫番をパートナーに持てればより大きく開運していきます。
48,大吉,若年期は親との縁が薄かったり少し苦労がありますが、そのためか、持ち生まれた才能、人徳、財徳に恵まれますが、偉そうな態度は絶対にとらず、常に謙虚な姿勢を崩しません。さらに、努力家で勤勉な姿勢から周囲から好感をもたれます。意思も強固ですので、努力や勤勉な姿勢、謙虚さを崩しません。また、物質的な幸せよりも、精神的な幸せを重視することも特徴で、多少の苦労は幸せの糧と考える人徳もあります。人としては非常に優秀な側面を多く持っていますので、努力を怠らず謙虚さを失いさえしなければ、中年期以降に大きく運が開いていきます。向上心を絶対に忘れず、目標を見定めて突き進むことが大切です。ただし、意志の強固さが裏目に出ると、融通の利かないただの頑固者になります。また、融通の利かなさが逆境時にマイナスのベクトルを加速させますので注意が必要です。
49,凶,４9の数自体に名誉や幸運と意味があるのですが、脆弱、衰退をも意味しますので吉凶半々ですが、時の経過とともに、どうしても凶の要素が強くなりがちですので半吉というより凶になります。特殊な運、才能に恵まれる傾向にあり、芸術家や宗教家、政治家など、普通の人が接しない分野で才能を発揮したり、比較的早くから頭角を現し、人がうらやむほど大きく成功することもありますが、あくまで一時の運に乗った成功である場合が多く、実力に裏付けられたものではありません。運気の上昇時は何をやっても上手くいきますが、運気が下がりだすと極端に落ちぶれるといった安定性に欠け、環境が急変する運ですので、自分の才能を見極め、継続的な努力をするとともに欠点を少なくする努力が成功のカギです。意思決定の段階での偏った考え方に基づく決断が、不安定の一番の要因でもありますので、広い観点からの考え方を身に着けると長所が活かされます。
50,凶,若いころは比較的成功しやすく、しかも大きめの成功になりますので運が良いように見えますが、浮き沈みが激しく、成功が長続きしない運です。好みにもよりますが、結局のところ運が良いとはいえず、年齢とともに下り坂を下っていくように落ち込んでいきます。ギャンブルを好む人も多く、儲けることも多いのですが、損する金額も大きく、結局は損して、ギャンブルでも身を亡ぼす人が多くいます。しかし、頭の中は常に大きな成功、理想をイメージする野心家で、また粘り強い努力家でもあります。積極的で頭もいいため、計画を推し進めますが、運気の悪さがすべてをダメにしてしまいがちです。若いころに一度は大きな成功を収めることのできる運ですので、成功時の資金や人脈を失わないように、自分の実力を勘違いしたり、心奢りしないことが大切です。成功時にチヤホヤされても浮つかず、晩年の運気は良くないことを念頭に、コツコツとした地に足ついた地道な努力を積み重ねることが幸せを続ける鍵になります。
51,凶,人生、特に中年期前に大きな運に恵まれる可能性があります。しかし、残念なことはチャンスの回数は非常に少ないということです。また、一度成功はあっても二度目の成功の確率は非常に低くなりますので、一度大きな成功をした後は、味をしめず地味な生活を心掛けるべきです。女性の場合は、幼少期から幸せな生活が送れ、人生は全て思いのままに進むと勘違いするくらい順調ですが、運勢は後半にかけて極端に落ち込んでいきます。総格、外格、人格のいずれかが51画の場合、結婚により画数が変わる可能性がありますが、そうでない場合は若いときから実力を養い、物心両面において晩年に備えておく必要があります。男性、女性とも運的には不安定要素が非常に強いですので、順調な時でも常に気を引き締め緊張感を保つことが幸せを続けるコツになります。健康面においては、内臓の病気に注意が必要です。
52,大吉,大きな運に恵まれ自分の願いがほとんどかなえられる大吉数です。何もない無から形ある有を生み出す能力を持っていて、誰もが想像できないアイデア、企画、計画、行動を思い付き、持ち前の行動力も相まって周囲を驚かせます。また、これらのアイデアや企画などは非常に先見性に優れたもので、その力も個人的な運気の枠にとらわれない、時代の流れを変えてしまうほどのものです。常に上昇志向で、難易度の高い事、自分にとって価値あると感じられるものに精力を注ぎ、価値を見出します。思考の視点も非常にスケールの大きなもので、思慮深く、客観的に物事を見るリーダーシップにも優れますので、多くの人を導きながら一つの時代を築くといっても過言でないほど大きな運に恵まれます。スケールの大きさが魅力で、多くの人が添ってきますが、好き嫌いがあり、先見性に乏しく、変化を嫌がる人や嫉妬心強く、自分とそりの合わない人から足元をすくわれるところがありますので、大きな事に取り組むときほど、側近には気の合う信用できる人が必要です。
53,凶,実力の全く伴わない、華やかさだけを求める見栄っ張りで、努力の伴わない実力以上のことを望みがちです。この画数を持つ人は比較的若年時の運勢が良い場合が多く、実力が無くても上手く取り繕いスイスイいってしまう場合があります。また輪を掛けて、虚栄心が強いことから外見的な華やかさを装うのが上手ですので、周囲の注目を集め、色んなことを任され、仕事も増えていきます。しかし、口先だけで実力のないことが本人は良く分かっていますので、周りからチヤホヤされ、外見的には自信たっぷりに見せかけても内面はハラハラドキドキしています。浪費も積もり積もって経済的にも火の車の状態が多く、何かの拍子にボロが出て破たんすることもしばしばです。根は真面目ですので、コツコツ努力して着実に実力を養うことが先決です。人の人生には誰にでも華やかな部分と影の部分がありますが、53画を持つ人は華やかな部分と地味な部分、あるいは吉凶、または栄枯盛衰が両極端に表れがちで、さらに、どちらかといえば影の部分、凶の面が勝ります。常に等身大の自分を心掛ければ運の衰退をカバーでき、運のバランスもとれますので、中身のある自分を作ることが大切です。
54,大凶,才能はあるものの、苦労、苦悩、孤独、短命、事故、不和、災厄、トラブル、耽溺などおおよその不幸を意味する大凶数です。努力の末に数少ないチャンスをつかんでもそれを生かすことができず、必要以上に苦労を強いられます。晩年は人間関係や家族、財産などそれまで築いたものを全て失い、貧困や孤独に陥る可能性があります。快楽、色欲を慎み、大らかな心と粘り強い努力、感謝、凡事徹底といった人生の本質に沿った行き方が必要です。しかし、相当の根気と時間を要することは否めません。努力も必要ですが、不幸の主な原因が54画の持つ凶数の影響である事も多いです。
55,凶,いい意味でも悪い意味でも波瀾万丈、両極端、栄枯盛衰を繰り返す安定とは程遠い運です。忍耐力あり努力も惜しみませんので、努力が叶い大きく成功もするのですが、何故かそれと同じだけの失敗・衰退する運です。また、成功の度合いも失敗の度合いもスケールが非常に大きいことが運の特徴です。10億円儲けたかと思えば10億円損するといった感じでしょうか。成功・幸運を経験できない運の悪さではなく、必ず努力が報われ事業や結婚などが上手くいく時期はあります。しかし、成功し始めた裏では衰退の運が必ず始まってしまうのです。両極端を経験できるため、人としての厚みができるといった観点からは幸せですが、晩年に安定度が欠けると精神的にも肉体的にもきついものがあります。55画が五格のどの部分にあるかにもよりますが、人生後半の運を表す総格にある場合が多いと思われます。若いころの経験は失敗も成功も後々活かされますが、晩年での安定度の欠如は築き上げたものの崩壊につながりかねません。総格が55画の場合は、傲慢さや怠りがたたった衰退ではなく、努力を超えた運的なことからくるものですので、できるなら改名をお勧めします。
56,凶,意志薄弱、虚弱、挫折、病気、無力を暗示します。野球でよく言われる、ブルペンエースのような運で、練習では良くても本番、チャンスに弱く、いつもここぞという時に失敗する運です。また、何故かタイミング悪く大切なタイミングで邪魔が入ります。何をやっても上手くいかないことが精神的な疲労となり健康面での弊害も出がちです。この傾向は晩年になるほど強くなり、運気は年齢とともに下降の一途をたどります。特に56画が人格や総格にある場合は晩年の衰退の傾向はさらに顕著になります。自分の運気だけでは何をしても駄目になっていきますので運気の良い人と仲良くなり、援助してもらったり、若いころからの善行により運気の向上策が必要です。中年期にさしかかったくらいで改名なども含め人生設計を考え直すこともお勧めです。外格に56画がある場合は行動に一貫性を保てず、信用を得られず人間関係で苦しむ傾向になります。
57,吉,向上心旺盛で常にプラス思考で常に目標に向かって突き進みます。気が強く攻撃的な性質から、どのような苦境に立たされても悲観的にならず巻き返しにいきます。良いように働けば粘り強く、研究熱心、悪く言えば頑固者です。若いころに苦労する傾向があり、また大きな事故に遭遇する可能性がありますので注意が必要ですが、無事乗り越えると大きく運が開いて、順風満帆の人生になるでしょう。ただし、油断すると落とし穴にはまりますので、慎重に幸せを感じてください。信じた道を地道に突き進むことが成功の鍵です。
58,吉,大器晩成型運です。若いころは苦労が理想と現実が一致せず苦労が多いです。苦労をすればするほど、また忍耐力、意思力を鍛えることになり、魅力を増していき、人を惹きつけ、人を束ね、月日とともに足場を固めて大きく成功する基礎を徐々に築いていきます。中年期以降から頭角を現し、晩年に一気に花が開き、金銭、健康、人間関係、地位・名誉など色んなことがスムーズに流れます。必ず努力が実を結ぶ運ですので、どのような苦労や挫折があっても腐らず晩年を待ちましょう。
59,凶,独特の感性を持ち天才肌ですが、忍耐力がなく、ちょっとした困難に遭遇しただけで逃げ出してしまいます。移り気を抑え、集中できるものを見つけることが運勢の向上に重要です。良好な人間関係を築く事で精神が養われます。
60,大凶,物事に迷いやすい性質があります。極端な悪い結果を招きやすい画数。運的にも努力が非常に実りにくく、努力するほど泥沼状態になる凶相です。あれこれと策を講じますがいつも途中で気迷いが生じて、結果に繋がりません。何か一つでも良いので最後までやり遂げる勇気が支えとなるでしょう。上手くいかないことが多いことからくるストレスで健康を害する傾向もあるようですので注意が必要です。晩年に近づくにつれ運気は落ちていきます。
61,吉,卓越した才能、知力、行動力、開拓力を備えています。努力家で常に沈着冷静、洞察力に優れ、リーダーになる運をも持ち、独立することにより本当の実力が発揮できます。若いころは失敗も多く、苦労するかもしれませんが、堅実で真面目、忍耐力もあり、人に頼らず自分で道を切り開き困難を克服して功成り名を遂げます。真面目すぎ非常に慎重で融通の利かないところがあり、このことでチャンスを逃すことも多々あります。自尊心強く、自分の意見を曲げず傲慢になりがちで、油断すると真っ逆さまに落ちていく要素も持ち合わせます。謙虚に、常に周囲の意見に耳を傾ける事で幸せを手にします。
62,大凶,一言でいえば器用貧乏です。知力あり興味が多方面にわき多才で、センスも良いものを持っています。しかし、常に悩みや葛藤が多く、最後までやり遂げることができず、全てが中途半端です。運勢的には悩み多く、決して良くはありません。努力しても空回りで報われにくく、飛躍できるチャンスも多くなく、上手くいっても長続きせず、他人のトラブルにも遭遇しがちです。上手くいかないことによる心労により精神疾患に陥る事もあります。信頼できるパートナーを見つけ、一点集中で根気よく行う事が成功の鍵となります。
63,特大吉,六大吉数の一つで、大吉中の大吉運です。お金、健康、家庭、仕事、人間関係などすべてのことに特別の吉運を持ちます。才能、人徳両方に恵まれ、頭も良く、目標を見定め全ての力を結果の出ることに注ぎ込む判断力に優れますのでリーダーにもなれます。ただ、結果や効率を求めすぎると本当の実力がつきませんので、最低限の努力、他者への配慮が困った時にも援助を受ける条件になりますので油断は禁物です。また何事も順調に行き過ぎて、人の気持ちが分からない鼻持ちならない人にならないようにすることが大切です。運の良さに胡坐をかかず、さらなる飛躍を心掛けてください。
64,大凶,浮き沈み激しく不安定、事故、病気、破産、離散など艱難辛苦を多く経験します。もがき苦しみ努力しても裏目にばかり出てしまいがちで、泥沼状態です。運よく最初、順調に行っていても中身が確立されていないので途中から坂道を転げるように衰退し、破滅してしまいます。考え方も偏屈で、何事もマイナスにしかとらえず、自分の能力を棚に上げて、上手くいかないことは他人のせいにしがちです。自分の中では常に自己が中心に動いていますので、場の空気を読めず、余計なことを言って墓穴を掘ることも多々あります。これを取り返すためにその場逃れの見え見えの嘘も多くなり信用が築けません。人間関係は常にギクシャクしています。良い仲間を得ることで衰退運をカバーできますので、虚勢を張らず言葉に責任を持ち、言葉を裏付ける誠実な行動を心掛けてください。人は必然的についてきます。人格や総格に64画があると、人生全般において欠点ばかりが強調され、努力は実りがたく運気は大きく沈みがちです。できれば改名をお勧めします。
65,大吉,太陽が燦然と輝き青葉が生い茂るごとく生命力に満ちた運勢です。発展、隆盛、充実、明朗を暗示し、努力は相当の確率で報われ、常に明るい未来を想像できる恵まれた環境の人です。仕事、健康、結婚、お金などおおよそこの世の幸せを手に入れることができる一生安泰の強運です。もちろん精神的にも満たされ長生きもできます。苦労とは無縁で一時的にトラブルが発生しても努力さえしていれば難なく乗り越え、落ち込むことはありません。また、人の上に立つ器があるボス運で、誠実な性格、言ったことは必ず実行する責任感から周囲の絶大な信用を得て苦労なく成功していけます。大きな引き立ても受けることができますので、大事業も成し遂げられます。晩年運を表す総格に65画を持つ人がほとんどと思われますが、総格に65画を持った場合、晩年運は盤石です。人格に相当の凶数が無く、陰陽、五行のバランスが大凶でない限り、若いころに多少の苦労があっても、全ては晩年の繁栄の肥やしになります。65画は一点の陰りもないといっても過言でないほどの稀にない大吉数で、仕事、健康、結婚、お金、人間関係、家庭環境など全てにおいて大きな幸運に恵まれます。この強運を最大限に活かさないともったいないですので、日ごろの言動は慎重にしたいです。己惚れ、傲慢、慢心は厳に慎み、自分の幸せだけでなく多くの恵まれない人のためなど大きな志しを持って地道な努力を続けてほしいものです。
66,大凶,どんなに努力してもとにかく邪魔が入り、また、努力が裏目に出て、あらゆることに四面楚歌、八方ふさがり状態です。さらに、真面目にやったことが何故か、災難の原因になったりもします。先に見えるかすかな光に望みをかけ努力しても、最後は失意のどん底に終わります。努力が実る可能性はほとんどなく、寂しい人生だったと振り返ることになる運です。病気、災害、盗難など立身出世どころか、今生きることさえ大変な状況といった感じですので改名を考えない場合は、現実逃避でなく精神的、宗教的な境地を開眼する気持ちで生きた方がいいでしょう。悟りが開ければ精神的にもの凄い充足感を味わえます。そうでない場合は、心労で健康を損ない、運の悪さが自分だけでなく周囲にも悪影響を与えますので改名など運勢の根本治療をした方がいいでしょう。
67,大吉,努力家で人としての実力もあるのですが、その実力以上の天運に恵まれ大発展していきます。苦労といった言葉とは無縁といっても過言ではなく、頑張った以上の成果を得ることが出来ます。実力を上回る運を上手く操る能力に長けていて、周囲からの引き立てにも恵まれますので、さらに大きな幸運に恵まれます。努力以上、実力以上の成果、成功、幸運に恵まれますので、注意すべき点は、実力と勘違いし世の中を甘く見てしまうことです。持ち生まれた徳が輝き周囲も一目を置きますが、あくまで運に基づくもの。このことを忘れて傲慢になると運に見放され、幸運のサイクルが不幸のサイクルに変わってしまいます。何事においても最初上手くいかないことがありますが、時間とともにすべてがうまく回転しだす運です。そのため、若いころは上手くいかないことが多いかもしれませんが、大器晩成タイプで、必ず幸せになれますので、努力を怠らないことです。特に周囲の引き立て、周囲から幸せを運んでもらえる非常にラッキーな運ですので、無用に敵を作らず、円満な人間関係を構築することに注力してください。
68,大吉,勤勉で常に進歩発展向上を目指します。論理的で計画性あり、堅実に自分の道を進むことはもちろん、未開の道をも切り開いていく能力を持ち、努力は最終的に必ず報われる運をも持っています。大器晩成運ですので若いころは苦労が多いかもしれませんが、年を追うごとに信用が増し評価されていきます。とはいえ運気の波は少なく比較的安定した人生を歩めます。少々困難なことが起こっても必ず運が味方してくれます。学才にも秀でますが、発想力、発明・発見の能力がさらに非凡です。創意工夫はもちろん、意志強固で精神力も強く目的に向かい継続的で相当な努力ができますので、技術革新などの分野で大きく力を発揮します。自分の才能をひけらかすことは無く、多くの人を魅了していき、多くの人の引き立てを受け成功しますが、独力も加わりさらに大きく成功できます。健康は問題ありません。人生における一番の問題点はプライドの高さになります。研究熱心で知識も豊富、開拓もできますので、プライドが高くなることは仕方ありませんが、大切なことで他人からの忠告やアドバイスを無視してしまい、周囲からの信用や人気を自分で失墜させてしまいます。
69,大凶,逆境、悲惨、悲運、多難を暗示します。気苦労多く、生涯にわたり何をやっても上手くいかず、幸運が訪れてもつかの間の幸せで、長続きはしません。控えめで質素な幸せに満足していても、トラブルに巻き込まれ、それさえも奪われてしまう運です。生まれ持った天分をわきまえて、ある程度の不運は覚悟することで、覚悟ができて不幸が来てもダメージは少なくてすむでしょう。他の五格の吉凶、バランスにもよりますが交通事故や健康には細心の注意が必要です。また、飲む打つ買うで人生を破滅させる人も多いようです。中年期以降に運勢はより下がっていきますので若いころからの対策が絶対的に必要です。運勢改善には善行の積み重ねしかありませんが、生涯かけてのことになります。時間が超長期になりますので、途中で挫折することなく、運命を良くしていくには改名がお勧めです。
70,大凶,滅亡、悲哀、破綻、短命、孤立、離散、事故、殺傷、紛争、挫折などを暗示する大凶の画数です。才能はあるのですが煙たがれ、引き立てを受けることは無く、また意志薄弱で根気にも欠け、途中で投げ出してしまい、才能をものにできません。必死にもがいて努力しても泥沼にはまり込む一方で次から次へと不幸に見舞われます。特に、裏切られるわけではないのですが、援助など大きくあてにしていたことが期待外れに終わる運気です。他人をあてにせず自分の力で乗り越えていけばいいのですが、どうしても他人をあてにせざるを得ない状況に追い込まれます。二枚舌外交を勧めるわけではありませんが、他人を頼るときは二重三重に保険をかけておいた方がいいでしょう。また、入学、就職、結婚、出産、厄年など人生の転機にトラブルが生じやすく、そこでの不幸は悪い方へ悪い方へと向かい、良くなっていきません。あらかじめ神社、仏閣などで厄払いしておくことがお勧めです。さらに70画の最も厄介なことは、自分の運が悪いことは仕方なくても、他人にまで自分の運の悪さをまき散らしてしまうことです。これらの凶相は晩年に向かうほど強く出てきます。できれば改名したほうがいいでしょう。
71,吉,凶の要素を含みますが、努力と実行力により吉に変えていきます。特別に悪い凶相ではありませんが、恋愛、結婚、家庭、人間関係、仕事、不意の事故、お金、健康など、いずれかのことで様々な苦労を経験します。援助者にも恵まれず一人の孤独な葛藤があります。生年月日など名前以外の要素からくる悪運の程度にもよりますが、凶運を克服できず挫折することも多々あるでしょう。思い通に発展できず一見は運に見放された人生のように見えますが、いばらの道を努力で乗り越えると、実力も人間的な魅力も中途半端に運のいい人よりも圧倒的にすごくなります。困難を克服することが宿命づけられた運と覚悟することが開運の鍵です。ただし、人の上に立つタイプではなく、組織の長など責任ある立場に立つと自分の運の悪い部分、苦労性を構成員にもうつすことになり決して幸せとは言えません。多くの人の命運に関わることなどの意思決定にはかかわらない方がいいでしょう。忍耐強くコツコツ努力を続けていれば小さな成功はつかめます。努力を怠ったり直感に頼るような行動は運気を落としますので注意してください。
72,中吉,吉凶半々の人生です。一定以上の才能は持ち合わせ、器用さもあるので色々な事をこなせるのですが、運的に良いことも悪いことも起き、経済的に恵まれれば健康を害したり、人間関係がスムーズになれば家庭内がごたごたするといったように常に、??相と凶相が混在します。また、若いころ運が良くても年を取ってから不運といった感じです。精神的に満たされないことが多く、反動で外見を必要以上に取り繕いますが、そのために財布は常に火の車状態です。運の不安定さは、晩年になるほど強くなり、運を安定させる手っ取り早い手段は改名ですが、その前に運不運の影響を最低限に抑えられる自分をしっかり確立させることが先決です。そのことで、見栄っ張りの性格も弱まり、精神的経済的な安定度も増していきます。
73,中吉,誠実、純粋、繁栄、人徳といった吉相の暗示があるのですが、開運を妨げる凶相も含んでいます。特に若いころは才能があっても認められることが少なく、運気が悪いわけではないのですが幸せを感じることができません。才能を生かす道も閉ざされがちで、内助の功、縁の下の力持ち的な存在です。内助の功は決して悪くはありませんが、自己実現という観点からは満足できないことが多いと思います。しかし、中年期を過ぎたあたりからそれまでの下積みが認められ、周囲から認められ引き立てを受けます。しかし、もともとの運勢が派手に成功できるタイプではなく、地道にコツコツ平凡な幸せを堅持するものです。高貴さといった理想があり、実力以上の幸せを追い求め、小さな成功では満足できず、常に欲求不満であることもあるようです。理想を求めることは決して悪い事ではないのですが、運勢的には地味なタイプで、誠実さと人望で中年期以降の小さな幸せを積み重ねていくことで幸せのバランスを保つのが73画を名前に持つ人です。運勢以上のものを求めるなら、死に物狂いの努力、実行力、時には大切なものを失う可能性がある事も心に留めておく必要があります。
74,凶,端数4がつく画数のうち最も凶の相が強い画数です。やることなすこと困難が伴い上手くいきません。また、もともとが怠けもので何に対してもやる気が無くうつろな人生を歩む暗示があります。多才で器用な部分はあるのですが、努力しませんので一定以上の才能に磨き上げることができません。また状況にも流されやすく、横着、自分で可能性を大きく広げていこうといった気持ちは全くありません。その場しのぎができればそれでよく、悪い部分において腹が座って達観しているといった感じです。極端に責任感が無く、他力本願で不満ばかりを口にしますので信用もありません。自分の努力だけで何とかなる運ではなく、周囲に迷惑をかけないためにもできれば改名をお勧めします。
75,中吉,堅実、着実な生き方を求めることにより運を維持することができます。大きな不幸もありませんが、大きく飛躍することもない、平凡な運勢です。人間的に大きく欠けた要素もないのですが、夢が無いので人を惹きつける魅力もありません。大きなトラブルに巻き込まれることもありませんので、大きな出世を望まず、平凡な人生を幸せと感じるならば良い画数でしょう。逆に何かの分野で頭角を現し、大きく活躍したいなら良い画数ではありません。地道な努力でゆっくり実力と運を蓄えれば、信用もできて持ち生まれた運を超える幸せを享受できるでしょう。焦りは禁物です。もともと浮き沈みの幅は少ないので、人生の安定度は高いでしょう。体制への過度な反発による改革や未開の地を開拓するような野心的行動をとると運勢は極端に下がりますので注意してください。
76,大凶,不和、孤立、固執、偏狭、報われないといった暗示があります。理想を大きく掲げ努力はするのですが、頑張っても頑張っても絶対といっていいほど結果に結びつかず空回りします。そのため理想と現実のギャップを感じ投げやりになります。肉体も精神も浪費し、いつも疲労感が漂っています。上手くいかないことが劣等感を招き、協調性を持てず、我も強くなりトラブルやもめ事を多く招き、寂しい人生になりがちです。協調性を養うことが大切ですが、自分一人で欠点を治すことは困難です。信用でき、自分が耳を傾けられる指導者を持つことが開運のための鍵になります。76画を名前の五格のどこかに持つ人はとにかく偏狭な自分の世界に閉じこもることが不運の始まりです。教養を養い、広い視野で物事を判断できる自分を作ることにより、周囲の協力を得られるようになることをくれぐれも忘れないでください。自分だけで成功しても一時のものになる運勢でもあります。
77,半吉,運勢的には不安定で吉凶入り乱れていますが、吉の方が強い感じです。若いころは何をやっても上手くいかず、努力が開花することはなかなかありませんが、中年期を過ぎたころから次第に運気が上昇し思ったことが少しずつ実現していきます。晩年は吉運ですので若いころの苦労は成功の糧と信じて苦労が多くても粘り強く頑張ってください。ただし、運気の吉凶の落差が激しく、成功したかと思えば急転直下で運気が下がる人が多いです。これらは慢心はもちろん、他人を自分の利益のために利用することが原因のようですので成功しても油断は禁物、厳禁です。人の引き立てにより運が開いていくタイプですが、さりとて他人の勧めで物事を判断するのではなく、自分が主体となることにより運を切り開いていきます。実力はありますので、油断、慢心せず地道に努力していけば、失敗することも少ないでしょう。
78,吉,素直で頭脳明晰、努力家ですが、精神的に非常にもろく、人の意見にも左右されやすく、上手くいっていても足を引っ張られます。素直さがアダになり、芯の無い人となってしまうのです。そのために外部から悪影響も受けやすく、人生全般にわたる大切な計画でさえ潰されてしまうのです。人生に一度、特に若いころに成功する可能性がある運ですが、その成功が自信過剰、慢心を引き起こし、挫折する可能性が高い運です。また、一度落ち込むと這い上がるだけの強さがありません。困難に遭遇するとすぐに駄目になる傾向、外部から足を引っ張られる傾向は、中年期以降に、より顕著になってきますので備えあれば憂いなし、若いころから精神的にタフになる努力をするとともに、実力も備えてください。攻めよりも守りを固めることで運がキープでき、また、良くなっていくタイプです。
79,大凶,消極的で考え甘く、逆境にも弱く、何をやってもぐずぐずし、人をあてにしてしか生きていけないタイプです。情緒不安定で困難や嫌な事に遭遇すると、乗り越えないといけないと思いつつ、必ず逃げます。進歩向上する精神や反省することは無く、逃避は自分で言い訳を見つけ納得させます。自分に実力がないことが分かっており、周囲の注目を集めることができませんので、興味を引くような理想、絵空事を語りますが、最後は煙に巻きます。自分で目標を設定し、骨惜しみし、泥まみれになって最後までやりぬき通す癖をつけてください。この基本を改めない限り、運を良くしようがありません。79画を名前の五格のどこかに持つ方は、画数が悪いから性格が悪く運が開けないというより、覇気なく、やる気なく、全てが他人任せ、不平不満を言う性格が全てをダメにしていることを理解し、責任感ある行動・態度を心掛けてください。全てはそこからです。
80,大凶,病弱、短命、虚無、空虚といった暗示があります。一生を通じて何をやっても上手くいかず、もがけばもがくほど泥沼状態です。多くの困難を経験して精神的にタフになれればいいのですが、ボロボロになる一方です。救いとしては、生涯をダメにしてしまうほどの極端な悲劇には遭遇しない運ということです。あまりに上手くいかないことが多く、世間の感覚、一般常識と少し違う価値観も持ちがちですので、出家など隠遁生活を考えたり理想としたりしますが、運勢的には世間と離れた生活が合っているようです。ですから無理して、ストレスをためながら普通の社会人をする必要はありません。俗世間から距離を置いた方が、足を引っ張られることもなく、マイペースで物事を勧められるため自分の才能をフルに発揮できるのです。ただし、通常の社会人としての生活を希望する場合は改名などにより運勢を改善したほうがいいでしょう。
81,最大吉,81という数字は9×9により成り立ちます。姓名判断では最後の数字であり、また最初の数字1の数霊の力も持ち合わせ、81画を境に82画以降は1画に戻します。1画～80画までの数字に含まれるすべての要素を複合して最高吉に変えた、無限の可能性を秘めた画数といっても過言ではなく、全ての要素を兼ね備えます。よって、姓名にこの画数を持つと地位、名誉、財産、人間関係、伴侶、子供、孫、仕事、健康、長寿など、おおよそこの世の全ての幸せを手に入れることが出来ます。あらゆる天分に恵まれ、少しの努力でも目指したことが上手く開かれていきます。注意すべき点があるとすれば、もしこの画数を持つ幸運に恵まれた場合は、周囲の人たちへの援助により幸福を分け与えることを忘れないことです。自分の幸せは自らが他へ与えた幸せの見返りである原理原則をよくよく理解し、できる限りのことを他人へ施してあげて下さい。81画は完成形を意味する数字ですので、その位の事を自然にしていかないと、根底にある運勢のバランスが崩れてしまう恐ろしさがあります。
